sep=;
TÍTULO;AUTOR;AUTOR INSTITUCIONAL;AŃO;EDITOR;REUNIÓN;SIGNATURA;CÓDIGO DOC;ICS;DESCRIPTORES;RESUMEN
"Documentación. Directivas para la confección de guías de bibliotecas y centros de documentación e información";"";"Instituto Argentino de Normalización y Certificación (IRAM)";"1981";"";"";"";"IRAM 32055";"01.140.20";"Centros de documentación; Bibliotecas; Guías";""
"Tesauros monolingües para la recuperación de la información. Estructuración y desarrollo";"";"Instituto Argentino de Normalización y Certificación (IRAM)";"1983";"";"";"";"IRAM 32057";"01.140.20";"Centros de documentación; Bibliotecas; Tesauros";""
"Información y documentación. Gestión de documentos. Parte 1: Generalidades";"";"Asociación Espańola de Normalización y Certificación (AENOR)";"2006";"";"";"";"UNE-ISO 15489-1";"01.140.20";"Centros de Documentación; Bibliotecas; Información; Gestión de documentos; Generalidades; Especificaciones";""
"Información y documentación. Gestión de documentos. Parte 2: Directrices. (ISO/TR 15489-2:2001)";"";"Asociación Espańola de Normalización y Certificación (AENOR)";"2006";"";"";"";"UNE-ISO/TR 15489-2";"01.140.20";"Centros de Documentación; Bibliotecas; Información; Gestión de documentos; Directrices; Requisitos";""
"Catalogación bibliográfica. Definiciones generales";"";"Instituto Argentino de Normalización y Certificación (IRAM)";"1973";"";"";"";"IRAM 32001";"01.140.20";"Centros de documentación; Bibliotecas; Catalogación bibliográfica";""
"Catalogación bibliográfica. Catalogación descriptiva";"";"Instituto Argentino de Normalización y Certificación (IRAM)";"1974";"";"";"";"IRAM 32002";"01.140.20";"Centros de documentación; Bibliotecas; Catalogación bibliográfica";""
"Catalogación bibliográfica. Determinación del autor";"";"Instituto Argentino de Normalización y Certificación (IRAM)";"1974";"";"";"";"IRAM 32003";"01.140.20";"Centros de documentación; Bibliotecas; Catalogación bibliográfica";""
"Catalogación bibliográfica. Catalogación de publicaciones periódicas";"";"Instituto Argentino de Normalización y Certificación (IRAM)";"1982";"";"";"";"IRAM 32006";"01.140.20";"Centros de documentación; Bibliotecas; Catalogación bibliográfica; Publicaciones periódicas";""
"Catalogación bibliográfica. Textos legales, jurisprudenciales y normativos";"";"Instituto Argentino de Normalización y Certificación (IRAM)";"1976";"";"";"";"IRAM 32007";"01.140.20";"Centros de documentación; Bibliotecas; Catalogación bibliográfica";""
"Catalogación bibliográfica. Incunables";"";"Instituto Argentino de Normalización y Certificación (IRAM)";"1975";"";"";"";"IRAM 32009";"01.140.20";"Centros de documentación; Bibliotecas; Catalogación bibliográfica";""
"Catalogación bibliográfica. Obras religiosas";"";"Instituto Argentino de Normalización y Certificación (IRAM)";"1977";"";"";"";"IRAM 32010";"01.140.20";"Centros de documentación; Bibliotecas; Catalogación bibliográfica";""
"Catalogación bibliográfica. Catalogación analítica";"";"Instituto Argentino de Normalización y Certificación (IRAM)";"1982";"";"";"";"IRAM 32011";"01.140.20";"Centros de documentación; Bibliotecas; Catalogación bibliográfica";""
"Catalogación bibliográfica. Fichas catalográficas";"";"Instituto Argentino de Normalización y Certificación (IRAM)";"1977";"";"";"";"IRAM 32012";"01.140.20";"Centros de documentación; Bibliotecas; Catalogación bibliográfica";""
"Catalogación bibliográfica. Materiales cartográficos";"";"Instituto Argentino de Normalización y Certificación (IRAM)";"1982";"";"";"";"IRAM 32014";"01.140.20";"Centros de documentación; Bibliotecas; Catalogación bibliográfica";""
"Documentación. Numeración internacional de libros";"";"Instituto Argentino de Normalización y Certificación (IRAM)";"1982";"";"";"";"IRAM 32052";"01.140.20";"Centros de documentación; Bibliotecas; ISBN";""
"Documentación. Referencias bibliográficas. Contenido, forma y estructura";"";"Instituto Argentino de Normalización y Certificación (IRAM)";"1995";"";"";"";"IRAM 32053-1";"01.140.20";"Centros de documentación; Bibliotecas; Referencias bibliográficas";""
"Mobiliarios. Unidades de almacenaje. Método para la determinación de la estabilidad";"";"Instituto Argentino de Normalización y Certificación (IRAM)";"1989";"";"";"";"IRAM 28015";"97.140.00";"Muebles; Mobiliario; Unidades de almacenamiento; Métodos de ensayo; Determinación; Estabilidad";""
"Permanence of paper for records, books and other documents";"";"Canadian General Standards Board (CAN)";"2000";"";"";"";"CAN/CGSB 9.70";"";"Papel; Calidad; Requisitos; Rendimiento; Deterioro; Almacenamiento; Bibliotecas; Archivos; Libros; Documentos; Personal; Inspección; Evaluación";""
"Información y documentación. Indicadores de desempeńo de bibliotecas. ";"";"Instituto Argentino de Normalizacion y Certificación (IRAM)";"2007";"";"";"";"IRAM-ISO 11620:2007";"01.140.20: Ciencias de la información. ";"Procesamiento de datos; Información; Documentacion; Bibliotecas";""
"La biblioteca universitaria";"Litton, G.";"";"1973";"Centro regional de ayuda técnica";"";"001/027/L761/17";"";"";"Bibliotecas universitarias; Bibliotecología; Universidades";""
"La biblioteca pública";"Litton, G.";"";"1973";"Centro regional de ayuda técnica";"";"001/027/L761/14";"";"";"Bibliotecas públicas; Bibliotecología";""
"Los medios de información en medicina";"Hernández, H.H.";"";"1969";"Instituto Bibliotecológico";"Conferencia. AR. 1969";"002/H557";"";"";"Información; Bibliotecas; Medicina";""
"The On-Line age, plans and needs for on-line information retrieval, proceedings";"Pratt, G.; Harvey, S.";"";"1976";"ASLIB";"EUSIDIC, Oslo, NO. Eusidic conference. NO. 1975";"002:007/P914";"";"";"Sistemas en línea; Búsqueda en línea; Bases de datos; Centros de información; Bibliotecas";""
"Un currículo básico";"Forget, J.";"";"1978";"Federación Internacional de Planificación Familiar";"";"002:02/F721E/ser/1 // 002:02/F721/ser/1";"";"";"Documentación; Bibliotecarios; Bibliotecas; Ciencias de la Información; Información";""
"Installation, equipment, layout and conservation of collections";"Forget, J.";"";"1978";"Federación Internacional para la Planificación Familiar";"";"002:02/F721E/ser/5";"";"";"Equipamiento; Layout; Bibliotecarios; Bibliotecas; Publicaciones";""
"Grundsatzliche Uberlegungen zum Aufbau von Dokumentations- und Biblioteheksdientsten in Entwicklungslandern";"";"German Foundation for International Development (DSE)";"1973";"German Foundation for International Development";"";"002.6/G373g";"";"";"Documentación; Bibliotecas; Centros de información; Usuarios";""
"Catálogo colectivo nacional de revistas; CCNAR";"";"Red Nacional de Bibliotecas Universitarias (RENBU)";"1991";"RENBU";"";"019.6(05)/R312";"";"";"Catálogos; Publicaciones periódicas; Institutos de investigación; Tecnología y ciencia; Documentación";""
"System for food science";"Schützsack, Udo";"International Food Information Service (IFIS)";"1973";"IFIS";"International Association of Technological University Libraries (IATUL). Triennial Meeting, 5. . 1973";"002.6/S383";"";"";"Centros de información; Bases de datos; Bibliotecas";""
"Libraries in post-industrial society";"Estabrook, Leigh";"";"1977";"Oryx Press";"";"021:301.1/E79";"";"";"Bibliotecas; Información; Usuarios";""
"Library use of computers; an introduction";"Smith, Gloria L.; Meyer, Robert S.";"";"1969";"Special Libraries Association";"";"025:681.3/S648";"";"";"Bibliotecas; Bibliotecología; Computación; Computadoras; Automatización; Sistemas de información";""
"El consejero de biblioteca";"Young, Virginia G.";"";"1974";"Bouker";"";"02/Y77/Ser.2";"";"";"Bibliotecología; Bibliotecas; Asistencia técnica";""
"Reglas para la formación y redacción de los catálogos-diccionarios en las bibliotecas, seguidas de una lista de encabezamientos de materia y numerosos apéndices";"Lasso de La Vega, Javier; Goicoechea, Cesareo";"";"1939";"Editora Internacional";"";"025.343/L347";"";"";"Catálogos; Bibliotecas; Bibliotecología";""
"Plan de coordinación para una organización bibliotecaria en la Universidad Nacional de Córdoba";"Couture de Troismonts, Roberto";"Universidad Nacional de Córdoba";"1963";"Universidad Nacional de Córdoba";"";"027.7/C872";"";"";"Bibliotecas; Bibliotecología; Organización; Planificación";""
"Historia de las bibliotecas agrícolas, pecuarias y forestales de Colombia";"Hernández de Caldas, Angela";"";"1980";"Colciencias";"";"026:63/H557";"";"";"Bibliotecas especializadas; Bibliotecología; Agricultura; Sistemas de información; Publicaciones técnicas; Organización";""
"Requisitos mínimos para la organización y el funcionamiento de la biblioteca de una escuela de medicina";"";"Biblioteca Regional de Medicina de la Organización Panamericana de la Salud (BIREME/OPS)";"1972";"Biblioteca Regional de Medicina";"";"026.7/B582";"";"";"Bibliotecas especializadas; Medicina; Organización; Servicio de referencia; Publicaciones técnicas";""
"Trabajos";"";"";"1951";"Dirección General de Bibliotecas";"Ministerio de Educación, Provincia de Buenos Aires, La Plata, AR. Primer Congreso Provincial de Bibliotecas Populares, 1. AR. 1949";"027.022/M665";"";"";"Bibliotecas; Reuniones; Organización";""
"Por el libro";"Delavenay, Emile";"Organización de las Naciones Unidas para la Educación, la Ciencia y la Cultura (UNESCO)";"1974";"UNESCO";"";"028/D343";"";"";"Monografías; Libros; Cooperación internacional; Bibliotecas; UNESCO";""
"The development of special libraries as an international phenomenon";"Halm, Johan van";"";"1978";"Special Libraries Association";"";"026/H194";"";"";"Bibliotecas especializadas; Bibliotecología; Bibliotecarios; Manejo de la información; Organización";""
"Las bibliotecas técnicas en los programas cooperativos";"";"Centro Regional de Ayuda Técnica (CRAT)";"1961";"CRAT";"";"027.021/C397";"";"";"Bibliotecas especializadas; Bibliotecarios; Servicio de referencia; Manejo de la información; Organización";""
"Scientific and technical libraries; their organization and administration";"Strauss, Lucille J.; Shreve, Irene M.; Brown, Alberta L.";"";"1972";"John Wiley & Sons";"";"026/S912/2ed.";"";"";"Bibliotecas especializadas; Bibliotecología; Organización; Administración; Información";""
"Biblioteca mayor, su historia, su organización, sus servicios";"";"Universidad Nacional de Córdoba";"1978";"Universidad Nacional de Córdoba";"";"027.7/U58";"";"";"Bibliotecas; Organización; Servicio de referencia; Córdoba, Argentina";""
"La biblioteca y los medios audiovisuales";"Hicks, Warren B.; Tillin, Alma M.";"";"1974";"Bowker";"";"026.06/H631/Ser4";"";"";"Bibliotecas; Materiales audiovisuales; Administración; Organización; Servicio de referencia; Información";""
"La organización de los Estados Americanos y las Naciones Unidas";"";"Unión Panamericana";"1961";"Unión Panamericana";"";"027.022/U58";"";"";"Organismos internacionales; Organismos regionales; Bibliotecas públicas";""
"The physical contents and layout";"Ellsworth, Ralph E.";"";"1964";"Educational Facilities laboratories";"";"027:022/E47";"";"";"Bibliotecas; Organización; Layout; Administración; Bibliotecarios; Servicio de referencia; Manejo de la información";""
"La biblioteca escolar; propulsora de la educación";"Davies, Ruth Ann";"";"1974";"Bowker";"";"027.8/D257";"";"";"Bibliotecas escolares; Educación; Enseńanza; Manejo de la información";""
"Planning the special library";"Mount, Ellis";"";"1972";"Special Libraries Association";"";"026/M928";"";"";"Bibliotecas especializadas; Administración; Organización; Planificación";""
"Repertorio de bibliotecas especializadas y centros de información; edición preliminar";"";"Secretaría de Planeamiento.Area Biblioteca";"1979";"Presidencia de la Nación";"";"058:027/A691/R";"";"";"Directorios; Bibliotecas especializadas; Centros de información";""
"Trabajos";"";"";"1974";"";"Reunión nacional de bibliotecarios, 11 / Reunión iberoamericana de bibliotecarios, 11. AR. 1974";"02:06/R444/11";"";"";"Bibliotecología; Bibliotecas; Documentación; Información; Diseminación de la información; Automatización; Educación; Cooperación técnica";""
"Trabajos";"";"";"1970";"ABGRA";"Asociación de Bibliotecarios Graduados de la República Argentina (ABGRA), Buenos Aires, AR. Reunión nacional de bibliotecarios, 8. AR. 1970";"02:06/R444/8";"";"";"Bibliotecología; Bibliotecas; Documentación";""
"Trabajos";"";"";"1969";"ABGRA";"Asociación de Bibliotecarios Graduados de la República Argentina (ABGRA), Buenos Aires, AR. Reunión Nacional de Bibliotecarios, 7. AR. 1969";"02:06/R444/7";"";"";"Bibliotecas especializadas; Bibliotecología; Centros de información";""
"Catálogo colectivo de publicaciones periódicas";"Rhades, Gerda; Trucco, María Virginia";"Asociación de Bibliotecas Biomédicas Argentinas (ABBA)";"1992";"ABBA";"";"017.1:05/A837/3.ed./R";"";"";"Catálogos; Publicaciones periódicas; Medicina; Biomedicina; Tecnología médica";""
"La política de investigación científica y tecnológica argentina; historia y perspectivas";"Oteiza, Enrique (dir.");"";"1992";"Centro Editor de América Latina";"";"001.89(82)/O88";"";"";"Investigación científico técnica; Política científica; Política tecnológica; Institutos de investigación; Recursos humanos; Proyectos nacionales; Tecnología y ciencia; Argentina";""
"Modern physics buildings; design and function";"Palmer, R.Ronald; Rice, William Maxwell";"";"1961";"Reinhold";"";"727/P175";"";"";"Edificios; Arquitectura; Construcciones; Escuelas; Bibliotecas; Laboratorios";""
"Evaluación administrativa de publicaciones periódicas en una biblioteca argentina especializada multidisciplinaria de investigación";"Falcato, Pedro";"Centro de Investigación Documentaria (CID)";"1993";"INTI-CID";"";"3615";"";"";"Bibliotecología; Publicaciones Periódicas; Evaluación de la Información; Bibliometría; Administración; Bibliotecas Especializadas";""
"Guía de servicios, ensayos y análisis";"";"Centro de Investigación Documentaria (CID)";"s.f.";"INTI";"";"1731";"";"";"Bibliotecas; Documentación; Sistemas de Información; Servicios; CID";""
"Actividades de un centro de documentación para la literatura técnica";"Nestvold, Magne";"Naciones Unidas";"s.f.";"s.ed.";"";"2225";"";"";"Documentación; Publicaciones Periódicas; Sistemas de Información; Bibliotecas; Noruega";""
"Informe";"Hepburn, María Cristina";"Centro de Investigación Documentaria (CID)";"1978";"s.ed.";"";"2328";"";"";"Sistemas de Información; Bibliotecas; Institutos de Investigación; Cooperación Técnica; Viajes";""
"Catálogo 1980";"";"Centro de Investigación Documentaria (CID)";"1981";"INTI-CID";"";"2506";"";"";"Catálogos; Publicaciones Periódicas; Información Científico Técnica; Bibliotecas; CID";""
"El impacto de las bases de datos en los servicios bibliotecarios";"Hepburn, María Cristina";"Centro de Investigación Documentaria (CID)";"1984";"s.ed.";"Reunión nacional de bibliotecarios, 20. AR. 1984";"2521";"";"";"Bases de Datos; Sistemas de Información; Redes de Información; Bibliotecas; Servicio de referencia";""
"La informática en los servicios bibliotecarios";"López, Mirta A.; Silva, Delfina A.";"Centro de Investigación Documentaria (CID)";"s.f.";"s.ed.";"";"2582";"";"";"Informatica; Automatización; Bibliotecas; Bases de Datos; Fuentes de Información";""
"Sistema de información industrial, coordinado por INTI-CID";"Hepburn, María Cristina";"Centro de Investigación Documentaria (CID)";"1986";"s.ed.";". Foro de invierno '86: La información y los bancos de datos. AR. 1986";"2880";"";"";"Bibliotecas; Centros de Información; Información Científico Técnica; Sistemas de Información; CID";""
"Información tecnológica: estudio de un caso";"Hepburn, María Cristina";"Centro de Investigación Documentaria (CID)";"1987";"s.ed.";". Acto conmemorativo. AR. 1987";"3015";"";"";"Centros de Información; Bibliotecas; Conmutación Bibliográfica; CID";""
"Opiniones vertidas acerca del proyecto: Centro de Información Tecnológica para la Industria";"Hepburn, María Cristina";"Centro de Investigación Documentaria (CID)";"1987";"s.ed.";"";"3049";"";"";"Proyectos; Centros de información; Bibliotecas; CID";""
"Informe";"Carosio, Alicia A.";"Centro de Investigación Documentaria (CID)";"1987";"s.ed.";"";"3050";"";"";"Bibliotecas; Centros de información; Productividad; Incentivos; CID";""
"Una experiencia en el suministro de información";"Morello, Vilma M.; Hepburn, María Cristina";"Centro de Investigación Documentaria (CID)";"1980";"s.ed.";"Congreso argentino de microfilmación, 1. AR. 1980";"3204";"";"";"Bibliotecas; INTI; CID; Centros de Información; Información Científico Técnica; Traducciones; Reprografía";""
"Bibliotecas especializadas";"Silva, Carmen L.; Silva, Delfina A.";"Centro de Investigación de Celulosa y Papel (CICELPA) // Centro de Investigaciones Textiles (CIT)";"1988";"s.ed.";"";"3305";"";"";"Directorios; Bibliotecas Especializadas; Ministerios; Tratamiento de la Información; Legislación";""
"LISA Dialog information retrieval service";"";"";"1980";"Dialog";"";"002.6/D536/2";"";"";"Bases de datos; Bibliotecas; Sistemas de información; Bibliotecología; Automatización; Reprografía";""
"Projeto de modernizaçao administrativa da Biblioteca central da Universidade de Brasilia";"Sa Barreto, M.H. de; Junior, A. Cordeiro";"Universidade de Brasilia";"1980";"s.ed.";"Reunión de bibliotecas universitarias y nacionales latinoamericanas. CL. 1984";"007:02/R444/ 3";"";"";"Bibliotecas universitarias; Universidades; Automatización; Brasil";""
"Reglas de catalogación angloamericanas II: diferencias con la primera edición del capítulo 21; elección de puntos de acceso";"Amaya de Heredia, M.; Torres Arancibia, A.M.";"Pontificia Universidad Católica de Chile";"1984";"Pontificia Universidad Católica de Chile";"Reunión de bibliotecas universitarias y nacionales latinoamericanas. CL. 1984";"007:02/R444/ 2";"";"";"Catalogación; Normas";""
"Pauta para la recolección de información básica sobre automatización de procesos bibliotecarios";"";"";"s.f.";"s.ed.";"Reunión de bibliotecas universitarias y nacionales latinoamericanas. CL. 1984";"007:02/R444/ 1";"";"";"Bibliotecas; Procesamiento de datos; Automatización; Computación";""
"Bases de datos bibliográficos en Chile: una alternativa para la búsqueda de información";"Burgos M., E.A.; Gómez F., H.";"";"s.f.";"s.ed.";"Reunión de bibliotecas universitarias y nacionales latinoamericanas. CL. 1984";"007:02/R444/ 4";"";"";"Bases de datos; Recuperación de información; Archivos computarizados";""
"Uso de bases de dados por paises em desenvolvimento: problemas e perspectivas";"Cunha, M. Bastos da";"Universidade de Brasilia";"1984";"s.ed.";"Reunión de bibliotecas universitarias y nacionales latinoamericanas. CL. 1984";"007:02/R444/ 5";"";"";"Bases de datos; Recuperación de información";""
"Automatización en la biblioteca nacional como factor de desarrollo de la red de bibliotecas universitarias brasileńas";"Barroso, M.A.";"";"s.f.";"s.e.";"Reunión de bibliotecas universitarias y nacionales latinoamericanas. CL. 1984";"007:02/R444/ 6";"";"";"Bibliotecas nacionales; Automatización; Redes de información; Bibliotecas universitarias";""
"Soportes lógicos portátiles para el tratamiento de la información";"";"Programa General de Información (PGI/UNISIST)";"1984";"s.ed.";"Reunión de bibliotecas universitarias y nacionales latinoamericanas. CL. 1984";"007:02/R444/ 7";"";"";"Computadoras digitales; Recuperación de información; Archivos computarizados";""
"Bases para un trabajo cooperativo entre bibliotecas nacionales y universitarias: el caso de Venezuela";"Betancourt Valverde, V.; Villalba Anzola, L.";"";"s.f.";"s.ed.";"Reunión de bibliotecas universitarias y nacionales latinoamericanas. CL. 1984";"007:02/R444/ 8";"";"";"Bibliotecas nacionales; Bibliotecas universitarias; Universidades; Redes de información; Venezuela";""
"Automatización del Centro catalográfico centroamericano, biblioteca, documentación e información de la Universidad de Costa Rica";"Araya Marín, A.";"";"1984";"Ciudad universitaria Rodrigo Facio";"Reunión de bibliotecas universitarias y nacionales latinoamericanas. CL. 1984";"007:02/R444/10";"";"";"Bibliotecas universitarias; Automatización; Microcomputadoras; Catalogación; Catálogos";""
"Sistema colombiano de información bibliográfica (SCIB)";"Cardona de Gil, B.N.";"";"1984";"Pontificia Universidad Católica de Chile";"Reunión de bibliotecas universitarias y nacionales latinoamericanas. CL. 1984";"007:02/R444/11";"";"";"Sistemas de información; Bases de datos; Recuperación de información; Colombia";""
""Librunam" en la automatización de la Biblioteca general de la Universidad de los Andes, Colombia";"Pardo, R.";"Universidad de Los Andes";"s.f.";"Universidad de los Andes";"Reunión de bibliotecas universitarias y nacionales latinoamericanas. CL. 1984";"007:02/R444/14";"";"";"Bibliotecas universitarias; Automatización; Sistemas de información; Colombia";""
"El programa de la IFLA relativo a la disponibilidad universal de publicaciones (UAP)";"Vickers, S.";"Organización de las Naciones Unidas para la Educación, la Ciencia y la Cultura (UNESCO)";"1984";"UNESCO";"Reunión de bibliotecas universitarias y nacionales latinoamericanas. CL. 1984";"007:02/R444/15";"";"";"Publicaciones; Publicaciones periódicas; Sistemas de información";""
"Pauta para la descripción de un paquete de software para procesos bibliográficos";"";"Instituto Colombiano para el Fomento de la Educación Superior (ICFES)";"s.f.";"ICFES";"Reunión de bibliotecas universitarias y nacionales latinoamericanas. CL. 1984";"007:02/R444/23";"";"";"Software; Lenguajes de programación; Sistemas de información";""
"Reglas AACR2 en espańol";"Vargas Bolańos, M.J.";"";"1984";"s.ed.";"Reunión de bibliotecas universitarias y nacionales latinoamericanas. CL. 1984";"007:02/R444/22";"";"";"Catalogación; Normas";""
"La cooperación en el entrenamiento de usuarios";"Arias Ordońez, J.";"";"s.f.";"s.ed.";"Reunión de bibliotecas universitarias y nacionales latinoamericanas. CL. 1984";"007:02/R444/20";"";"";"Bibliotecas; Educación; Usuarios";""
"Sistema de información y documentación para la educación superior";"Arias Ordońez, J.";"Instituto Colombiano para el Fomento de la Educación Superior (ICFES)";"1984";"ICFES";"Reunión de bibliotecas universitarias y nacionales latinoamericanas. CL. 1984";"007:02/R444/19";"";"";"Bibliotecas; Sistemas de información; Educación; Universidades";""
"Elementos para un nuevo enfoque del problema de la educación de usuarios en los países en desarrollo";"Robredo, J.; Coelho, C. Villares; Cunha, M. Bastos da";"Universidad de Brasilia";"1984";"Pontificia Universidad Católica de Chile";"Reunión de bibliotecas universitarias y nacionales latinoamericanas. CL. 1984";"007:02/R444/18";"";"";"Bibliotecas; Educación; Usuarios";""
"Formato MARC-UC para monografías: versión preliminar";"";"Pontificia Universidad Católica de Chile";"1984";"Pontificia Universidad Católica de Chile";"Reunión de bibliotecas universitarias y nacionales latinoamericanas. CL. 1984";"007:02/R444/24";"";"";"Lenguajes de programación; Catalogación; Programación; Formatos";""
"Contribución a la región: red de documentación integrada de la Unesco";"Gianelli de Blasco, S.";"Oficina Regional de Ciencia y Tecnología para América Latina y el Caribe (ROSTLAC)";"1984";"ROSTLAC";"Reunión de bibliotecas universitarias y nacionales latinoamericanas. CL. 1984";"007:02/R444/17";"";"";"Redes de información; UNESCO";""
"Aspectos del desarrollo de una red de bibliotecas";"Wetherbee, L.V.";"AMIGOS Bibliographic Council";"1984";"s.ed.";"Reunión de bibliotecas universitarias y nacionales latinoamericanas. CL. 1984";"007:02/R444/16";"";"";"Redes de información; Bibliotecas";""
"COMUT: evolución histórica y perspectivas";"Rodrigues, R.C.";"";"s.f.";"s.ed.";"Reunión de bibliotecas universitarias y nacionales latinoamericanas. CL. 1984";"007:02/R444/21";"";"";"Conmutación bibliográfica; Sistemas de información";""
"AMIGOS: una exitosa experiencia en redes de bibliotecas";"Wetherbee, L.V.";"";"s.f.";"s.ed.";"Reunión de bibliotecas universitarias y nacionales latinoamericanas. CL. 1984";"007:02/R444/26";"";"";"Redes de información; Bibliotecas";""
"El sistema de información bibliográfica de la Pontificia Universidad Católica de Chile (SIBUC)";"Arenas, M.L.; Mayo Israel, J.de; Cifuentes Seves, R.";"";"s.f.";"Pontificia Universidad Católica de Chile";"Reunión de bibliotecas universitarias y nacionales latinoamericanas. CL. 1984";"007:02/R444/25";"";"";"Sistemas de información; Bases de datos; Redes de información; Bibliotecas; Chile";""
"Proyecto para la implementación del sistema de autoridades bibliográficas del ICFES en la parte referente a autores corporativos";"Cárdenas de Fernández, L.";"";"1984";"Pontificia Universidad Católica de Chile";"Reunión de bibliotecas universitarias y nacionales latinoamericanas. CL. 1984";"007:02/R444/ 9";"";"";"Catalogación; Términos de indización";""
"NOTIS: características y aplicación en Venezuela";"Castillo de Soto, A.";"";"1984";"s.ed.";"Reunión de bibliotecas universitarias y nacionales latinoamericanas. CL. 1984";"007:02/R444/12";"";"";"Automatización; Sistemas de información; Bibliotecas; Venezuela";""
"Uma experiencia de aplicaçao do computador no ensino da biblioteconomia e ciencia da informaçao";"Robredo, J.";"";"1984";"s.ed.";"Reunión de bibliotecas universitarias y nacionales latinoamericanas. CL. 1984";"007:02/R444/13";"";"";"Automatización; Sistemas de información; Computadoras; Bibliotecas";""
"Sistema nacional de bibliotecas y servicios de información en Barbados: informe de consultoría (septiembre 1981)";"Keren, C.";"";"1983";"IDRC";"";"007/K39";"";"";"Sistemas de información; Bibliotecas; Recursos humanos; Presupuesto; Capacitación";""
"Use of chemical literature";"Bottle, R.T. (ed.");"";"1979";"Butterworths";"";"54:016/B751";"";"";"Química; Información científico técnica; Fuentes de información; Bibliotecas; Centros de información; Manejo de la información; Publicaciones técnicas; Patentes; Recuperación de información";""
"Informe final";"";"";"1982";"UNESCO";"Organización de las Naciones Unidas para la Educación, la Ciencia y la Cultura (UNESCO), Paris, FR // Federación Internacional de Asociaciones de Bibliotecarios y de Bibliotecas (IFLA). Congreso internacional sobre disponibilidad universal de publicaciones. FR. 1982";"002/007/O68/PGI-82/UAP/6";"";"";"Publicaciones periódicas";""
"International inventory of software packages in the information field";"Keren, C. (ed.); Sered, I. (ed.");"Organización de las Naciones Unidas para la Educación, la Ciencia y la Cultura (UNESCO)";"1983";"UNESCO";"";"002/007/O68/PGI-83/WS/28";"";"";"Software; Sistemas de información; Bibliotecas; Microcomputadoras; Programación; Procesamiento de datos";""
"Disponibilidad y uso de publicaciones oficiales en las bibliotecas";"Cherns, J.J.";"Organización de las Naciones Unidas para la Educación, la Ciencia y la Cultura (UNESCO)";"1983";"UNESCO";"";"002/007/O68/PGI-83/WS/30";"";"";"Publicaciones; Organismos nacionales; Documentos oficiales; Bibliotecas";""
"Preservación y restauración de materiales fotográficos en archivos y bibliotecas: un estudio del RAMP con directrices";"Hendriks, K.B.";"Organización de las Naciones Unidas para la Educación, la Ciencia y la Cultura (UNESCO)";"1984";"UNESCO";"";"002/007/O68/PGI-84/WS/ 1";"";"";"Fotografía; Conservación; Restauración; Bibliotecas; Archivos";""
"Directrices para los estudios relativos a los usuarios de la información (versión experimental)";"";"Organización de las Naciones Unidas para la Educación, la Ciencia y la Cultura (UNESCO)";"1981";"UNESCO";"";"002/007/O68/PGI-81/WS/ 2";"";"";"Información científico técnica; Bibliotecas; Usuarios; Sistemas de información; Encuestas";""
"Guidelines for conducting information manpower surveys";"Moore, N.";"Organización de las Naciones Unidas para la Educación, la Ciencia y la Cultura (UNESCO)";"1986";"UNESCO";"";"002/007/O68/PGI-86/WS/ 3";"";"";"Sistemas de información; Bibliotecas; Archivos; Bibliotecarios; Planificación; Proyectos de desarrollo";""
"Medición de la eficacia de los sistemas de suministro de documentos";"";"Federación Internacional de Asociaciones e Instituciones de Bibliotecas (IFLA)";"1987";"UNESCO";"";"002/007/O68/PGI-87/WS/21";"";"";"Información; Centros de información; Eficiencia; Documentos";""
"Organización de los sistemas de información de los poderes públicos";"Grolier, E. de";"";"1980";"UNESCO";"";"007:025/G875";"";"";"Sistemas de información; Sector público; Documentos oficiales";""
"Desarrollo de redes y servicios de bibliotecas públicas: guía para la organización de redes nacionales y regionales de bibliotecas públicas como parte de la planificación general del servicio nacional de información";"Campbell, H.C.";"Organización de las Naciones Unidas para la Educación, la Ciencia y la Cultura (UNESCO)";"1983";"UNESCO";"";"027.4:002.6/C188";"";"";"Bibliotecas públicas; Redes de información; Centros de información; Sistemas de información; Servicios de información";""
"Métodos de investigación con modelos tomados de la literatura pedagógica";"Alexander, C.; Burke, A.J.";"";"1962";"OEA";"";"021/A375";"";"";"Bibliotecas; Investigación; Manejo de la información; Descripción de documentos";""
"";"";"";"s.f.";"s.ed.";"Consejo Nacional de Investigaciones Científicas y Técnicas (CAICYT), Buenos Aires, AR // Federación Internacional de Documentación (FID/CLA). Seminario sobre Conmutación Bibliográfica. AR. 1982";"021.6/S471";"";"";"Bibliotecas; Cooperación técnica; Reprografía; Redes de información; Información";""
"An introduction to computer-based library systems";"Tedd, L.A.";"";"1979";"Heyden";"";"007:021/T256";"";"";"Bases de datos; Bibliotecas; Catalogación; Indización; Recuperación de información; Automatización; Computadoras";""
"Informática documental para bibliotecas";"Saffady, W.";"";"1987";"Diaz de Santos";"";"007:02/S128";"";"";"Informática; Sistemas computarizados; Procesamiento de datos; Catalogación; Computadoras; Software; Hardware; Bibliotecas";""
"Historia sucinta de la biblioteca del Congreso de la Nación.";"";"Congreso de la Nación";"1978";"Biblioteca del Congreso de la Nación";"";"021:93/A691";"";"";"Bibliotecas; Historia";""
"";"";"";"1977";"ABGRA";"Asociación de Bibliotecarios Graduados de la República Argentina (ABGRA), Buenos Aires, AR. Reunión Nacional de Bibliotecarios, 13. AR. 1977";"02:06/R444/13";"";"";"Bibliotecología; Bibliotecas; Documentación; Sistemas de información";""
"";"";"";"1978";"ABGRA";"Asociación de Bibliotecarios Graduados de la República Argentina (ABGRA), Buenos Aires, AR. Reunión Nacional de Bibliotecarios, 14. AR. 1978";"02:06/R444/14";"";"";"Bibliotecología; Bibliotecas; Documentación; Sistemas de información";""
"";"";"";"1979";"ABGRA";"Asociación de Bibliotecarios Graduados de la República Argentina (ABGRA), Buenos Aires, AR. Reunión Nacional de Bibliotecarios, 15. AR. 1979";"02:06/R444/15";"";"";"Bibliotecología; Bibliotecas; Documentación; Sistemas de información";""
"";"";"";"1980";"ABGRA";"Asociación de Bibliotecarios Graduados de la República Argentina (ABGRA), Buenos Aires, AR. Reunión Nacional de Bibliotecarios, 16. AR. 1980";"02:06/R444/16";"";"";"Bibliotecología; Centros de información; Bibliotecas";""
"";"";"";"1968";"ABGRA";"Asociación de Bibliotecarios Graduados de la República Argentina (ABGRA), Buenos Aires, AR. Reunión Nacional de Bibliotecarios, 6. AR. 1968";"02:06/R444/6";"";"";"Bibliotecología; Bibliotecas; Documentación; Sistemas de información";""
"";"";"";"1982";"ABGRA";"Asociación de Bibliotecarios Graduados de la República Argentina (ABGRA), Buenos Aires, AR. Reunión Nacional de Bibliotecarios, 18. AR. 1982";"02:06/R444/18";"";"";"Bibliotecología; Bibliotecas; Documentación; Sistemas de información";""
"";"";"";"1981";"ABGRA";"Asociación de Bibliotecarios Graduados de la República Argentina (ABGRA), Buenos Aires, AR. Reunión Nacional de Bibliotecarios, 17. AR. 1981";"02:06/R444/17";"";"";"Bibliotecología; Bibliotecas; Documentación; Sistemas de información";""
"";"";"";"1983";"ABGRA";"Asociación de Bibliotecarios Graduados de la República Argentina (ABGRA), Buenos Aires, AR. Reunión Nacional de Bibliotecarios, 19. AR. 1983";"02:06/R444/19";"";"";"Bibliotecología; Bibliotecas; Documentación; Sistemas de información";""
"";"";"";"1984";"ABGRA";"Asociación de Bibliotecarios Graduados de la República Argentina (ABGRA), Buenos Aires, AR. Reunión Nacional de Bibliotecarios, 20. AR. 1984";"02:06/R444/20";"";"";"Bibliotecología; Bibliotecas; Documentación; Sistemas de información";""
"";"";"";"1985";"ABGRA";"Asociación de Bibliotecarios Graduados de la República Argentina (ABGRA), Buenos Aires, AR. Reunión Nacional de Bibliotecarios, 21. AR. 1985";"02:06/R444/21";"";"";"Bibliotecología; Bibliotecas; Documentación; Sistemas de información";""
"";"";"";"1974";"ABGRA";"Asociación de Bibliotecarios Graduados de la República Argentina (ABGRA), Buenos Aires, AR. Reunión Nacional, 11. Reunión Iberoamericana de Bibliotecarios, 1. AR. 1974";"02:06/R444t/1";"";"";"Bibliotecología; Bibliotecas; Documentación; Sistemas de información";""
"Hacia un sistema nacional de información";"";"";"1986";"ABGRA";"Asociación de Bibliotecarios Graduados de la República Argentina (ABGRA), Buenos Aires, AR. Reunión Nacional de Bibliotecarios, 22. AR. 1986";"02:06/R444/22";"";"";"Bibliotecología; Bibliotecas; Documentación; Sistemas de información";""
"";"";"";"1987";"ABGRA";"Asociación de Bibliotecarios Graduados de la República Argentina (ABGRA), Buenos Aires, AR. Reunión Nacional de Bibliotecarios, 23. AR. 1987";"02:06/R444/23";"";"";"Bibliotecología; Bibliotecas; Usuarios; Sistemas de información";""
"SABCED: Sistema de Administración de Bibliotecas y Centros de Documentación";"";"Centro Regional de Investigación y Desarrollo (CERIDE)";"1982";"CERIDE";"";"02:007/C397";"";"";"Bibliotecología; Administración; Sistemas computarizados; Automatización";""
"Use of library materials: the University of Pittsburgh study";"Kent, A.; Cohen, J.; Montgomery, K.L.";"";"1979";"M. Dekker";"";"024/K37";"";"";"Bibliometría; Bibliotecas universitarias; Información";""
"Making money: fees for library services";"Warner, A. Sizer";"";"1989";"Neal-Schuman";"";"025.11/W279";"";"";"Bibliotecas; Ventas; Aranceles; Servicio de referencia; Planificación";""
"La selección y adquisición de libros; manual para bibliotecas";"Peńalosa, Fernando";"";"1961";"Unión Panamericana";"";"025.21/.22/P15";"";"";"Bibliotecología; Compras; Libros; Publicaciones; Bibliotecas";""
"Scientific journals in the United States: their production, use and economics";"King, D.W.; McDonald, D.D.; Roderer, N.K.";"";"1981";"Hutchinson Ross";"";"05:5/6/K52";"";"";"Tecnología y ciencia; Publicaciones periódicas; Bibliotecas; Estados Unidos";""
"";"";"";"1983";"ABGRA";"Asociación de Bibliotecarios Graduados de la República Argentina (ABGRA), Buenos Aires, AR // Federación Internacional de Asociaciones de Bibliotecarios y de Bibliotecas (IFLA) // Centro Regional para el Fomento del Libro en América Latina y el Caribe (CERLAL). Reunión Regional de Asociaciones de Profesionales de la Bibliotecología y de la Información de América Latina y el Caribe. AR. 1983";"061.2:023/R444";"";"";"Bibliotecarios; Profesionales; Bibliotecología; Propiedad intelectual; Bibliotecas";""
"";"Cubillos, J.; Alba, L.";"";"s.f.";"s.ed.";"Comisión Económica para América Latina (CEPAL), Santiago, CL // Centro Latinoamericano de Documentación Económica y Social (CLADES), Santiago, CL. Curso Intensivo sobre Administración de Redes. AR. 1986";"026/027:002/C962";"";"";"Redes de información; Bibliotecas; Administración";""
"Information technology and information use: towards a unified view of information and information technology";"Ingwersen, P.; Kajberg, L.; Mark Pejtersen, A.";"";"1986";"T. Graham";"";"025.5:682.3/I55";"";"";"Informática; Sistemas de información; Sistemas en línea; Bibliotecas; Información";""
"Information for all: access and availability; proceedings";"White, B. (ed.");"";"1987";"T. Graham";"Institute of Information Scientists. Annual conference. GB. 1986";"007:681/W582";"";"";"Sistemas de información; Información; Bibliotecas; Bases de datos; Redes de información";""
"Guía de bibliotecas y servicios de documentación región Centro-Oeste-República Argentina La Rioja, Mendoza, San Juan, San Luis";"";"Sistema Regional de Información Científica y Tecnológica (SIRICYT)";"1980";"SIRICYT";"";"058:002.6/S623/R";"";"";"Bibliotecas; Sistemas de información; Guías; Argentina";""
"Directorio de bibliotecas argentinas 1997; edición preliminar";"";"Asociación de Bibliotecarios Graduados de la República Argentina (ABGRA) // Centro de Desarrollo de Proyectos (CEDEPRO)";"1997";"ABGRA";"";"058:027/A837/R";"";"";"Directorios; Bibliotecas; Argentina";""
"IES lighting handbook: the standard lighting guide";"Kaufman, John E. (ed.); Christensen, Jack F. (ed.");"";"1972";"Illuminating Engineering Society";"";"628.9/K21/5.ed./H";"";"";"Iluminación; Luminiscencia; Luminotecnia; Diseńo; Iluminación artificial; Iluminación natural; Energía eléctrica; Instalaciones eléctricas; Oficinas; Escuelas; Edificios públicos; Bibliotecas; Iluminación interior; Iluminación exterior; Luz natural; Edificios industriales; Plantas industriales; Luminarias; Vivienda; Fuentes de luz; Televisión; Fotografía; Areas deportivas; Recreación; Iluminación vial; Aeropuertos; Transporte; Lámparas eléctricas; Publicidad; Seńales luminosas; Percepción sensorial; Visión; Luz; Performance; Mediciones ópticas; Fotometría; Color; Métodos de cálculo";""
"Trabajos presentados";"";"Asociación de Bibliotecarios Graduados de la República Argentina (ABGRA)";"1998";"ABGRA";"Reunión Nacional de bibliotecarios; 32. AR. 1998";"02:06/R444/32";"";"";"Bibliotecología; Bibliotecas; Documentación; Centros de información; Terminología; Tratamiento de la información; Capacitación; Bibliotecarios; Bases de datos; MERCOSUR; Globalización";""
"La industria argentina: desarrollo y cambios estructurales";"Kosacoff, Bernardo; Azpiazu, D.";"Comisión Económica para América Latina y el Caribe (CEPAL)";"1989";"CEPAL // Centro Editor de América Latina";"";"338.92/K86i";"";"";"Industrialización; Argentina; Desarrollo industrial; Promoción industrial; Inversiones; Exportación; Empresas transnacionales; Datos estadísticos; Historia";""
"Bibliotecas y automatización";"Carballo, Graciela; Cabrera, Clara M.; Carosio, Alicia A.";"Centro de Investigación Documentaria (CID)";"1981";"INTI-CID";"INFOREXCO 81, Congreso exposición de minicomputación, 3. AR. 1981";"1423";"";"";"Bibliotecas; Sistemas de información; Sistemas en línea; Automatización; Computadoras";""
"Qué es UNIRED? Reseńa descriptiva y directorio de unidades de información";"";"Universidad Nacional de General Sarmiento. Unidad de Biblioteca y Documentación";"1998";"Universidad Nacional de General Sarmiento";"";"058:002/U58/R";"";"";"Redes de información; Reseńas; Directorios; Centros de información; Bibliotecas; Argentina";""
"Guía para la aplicación de la norma ISO 9000 a bibliotecas y servicios de información y documentación";"";"Sociedad Espańola de Documentación e Información Científica. Grupo de Trabajo sobre la Calidad (SEDIC)";"1998";"SEDIC";"";"658.56:02/S678";"";"";"Calidad; Normalización; Bibliotecas; Centros de información; Certificación de calidad; Sistemas de calidad; Aseguramiento de la calidad";""
"Gestión de información en las organizaciones; principios, conceptos y aplicaciones";"Ponjuán Dante, Gloria";"";"1998";"CECAPI";"";"002:658/P798";"";"";"Centros de información; Información; Gestión; Organización; Calidad; Productividad; Bibliotecas; Planificación; Dirección de empresas; Planificación estratégica; Gestión de la calidad; Marketing; Recursos humanos; Redes de información; Reingeniería; Benchmarking";""
"Claves para el éxito: indicadores de rendimiento para bibliotecas públicas";"Pujol, Dídac (trad.");"Col.legi Oficial de Bibliotecaris-Documentalistes de Catalunya";"1995";"Eumo editorial // Ediciones Octaedro // Diputació de Barcelona // Col.legi Oficial de Bibliotecaris-Documentalistes de Catalunya";"";"027.4/C687";"";"";"Bibliotecas públicas; Indicadores; Rendimiento; Bibliometría; Servicios; Inversiones; Producción; Costos; Usuarios; Técnicas estadísticas";""
"Diversidad, globalización y la sabiduría de la naturaleza";"Antón, Danilo";"Centro Internacional de Investigaciones para el Desarrollo (CIID)";"1999";"CIID // Piriguazú ediciones";"";"574/A634";"";"";"Ecología; Equilibrio ecológico; Medio ambiente; Ecosistemas; Medio ambiente acuático; Gestión ambiental; Globalización; Capa de ozono; Deforestación; Recursos forestales; Recursos naturales; Agua; Recursos hídricos; Aire; Contaminación del aire; Higiene del aire; Fuentes de energía; Tecnologías limpias; Africa; Latinoamérica; Caribe; Areas urbanas; Población; Población indígena";""
"Conocimiento indígena; guía para el investigador";"Grenier, Louise";"Centro Internacional de Investigaciones para el Desarrollo (CIID)";"1999";"CIID // Editorial tecnológica de Costa Rica";"";"303.4/G827";"";"";"Población indígena; Investigación; Desarrollo sustentable; Metodología; Proyectos de investigación; Evaluación";""
"International books in print 1988: a listing of English-language titles published in Canada, Continental Europe, Latin America, Oceania, Africa, Asia, and the Republic of Ireland";"Saur, K.G. (ed.");"";"1988";"K.G. Saur";"";"058:027/S259/R";"";"";"Bibliotecas; Fuentes de información; Directorios; Bancos de datos; Libros";""
"Laboratory management and techniques";"Edwards, J.A.";"";"1960";"Butterworths";"";"542.1/E26 // CEIAL/127/Lab.Microbiología";"";"";"Laboratorios; Diseńo; Construcciones; Layout; Equipos de laboratorio; Organización; Mantenimiento; Seguridad; Prevención de accidentes; Fuego; Medidas de seguridad; Materiales radioactivos; Protección radiológica; Materiales audiovisuales; Proyectores; Fotografía; Reuniones; Bibliotecas; Compras; Consumo; Relaciones humanas";""
"Protegiendo la biodiversidad; leyes nacionales que regulan el acceso a los recursos genéticos en el continente americano";"Bass, Susan Perkoff (ed.); Ruiz Muller, Manuel (ed.");"Centro Internacional de Investigaciones para el Desarrollo (CIID)";"2001";"CIID // Piriguazú ediciones";"";"574:34/B317";"";"";"Biodiversidad; Ecología; Ecosistemas; Recursos naturales; Medio ambiente; Legislación ambiental; Política ambiental; América del Norte; América Central; Latinoamérica";""
"Mejorando el desempeńo de las organizaciones; método de autoevaluación";"Lusthaus, Charles; Adrien, Marie-Hélčne; Anderson, Gary; Carden, Fred";"Centro Internacional de Investigaciones para el Desarrollo (CIID)";"2001";"Editorial Tecnológica de Costa Rica // CIID";"";"658/L968";"";"";"Organización; Evaluación; Planificación; Dirección de empresas; Procesamiento de datos; Registro de datos; Eficiencia; Motivación; Rendimiento; Liderazgo; Encuestas";""
"Cultiver la paix; conflits et collaboration dans la gestion des ressources naturelles";"Buckles, Daniel (dir.");"Centro Internacional de Investigaciones para el Desarrollo (CIID) // Centre de Recherches pour le Développement International (CRDI)";"2001";"CIID // CRDI";"";"574/B924";"";"";"Recursos naturales; Gestión ambiental; Planificación ambiental; Recursos forestales; Silvicultura; Hidrografía; Bosques; Costas; Conservación; Tierra; Protección; Desarrollo sustentable; Medio ambiente; Ríos; Política ambiental";""
"Siembra de soluciones";"";"Grupo Crucible II";"2001-2003";"CIID // IPGRI // FDH";"";"574:32/G892E";"";"";"Recursos naturales; Genética; Protección; Biodiversidad; Medio ambiente; Política ambiental; Propiedad intelectual; Biotecnología; Ingeniería genética; Acuerdos internacionales; Convenios; Cambio tecnológico; Patentes; Legislación ambiental; Planificación ambiental; Población indígena";""
"Le débat des semences; volume 1: Solutions politiques pour les ressources génétiques: un brevet pour la vie revisité";"";"Grupo Crucible II // Groupe Crucible II";"2001";"CIID // IPGRI // FDH";"";"574:32/G892F";"";"";"Recursos naturales; Genética; Protección; Biodiversidad; Medio ambiente; Política ambiental; Propiedad intelectual; Biotecnología; Ingeniería genética; Acuerdos internacionales; Convenios; Cambio tecnológico; Patentes";""
"Seeding solutions; volume 2: Options for national laws governing control over genetic resources and biological innovations";"";"Crucible II Group";"2001";"CIID // IPGRI // FDH";"";"574:34/C955";"";"";"Recursos naturales; Genética; Protección; Biodiversidad; Medio ambiente; Política ambiental; Legislación ambiental; Propiedad intelectual; Biotecnología; Población indígena; Comunidades rurales; Cambio tecnológico";""
"Large mines and the community; socioeconomic and environmental effects in Latin America, Canada and Spain";"McMahon, Gary (ed.); Remy, Felix (ed.");"";"2001";"World Bank // IDRC";"";"622:614.7/M216";"";"";"Minas; Medio ambiente; Minería; Impactos ambientales; Impactos sociales; Explotaciones mineras; Costos; Bolivia; Chile; Perú; Espańa; Canadá; Uranio";""
"The responsability to protect; report";"";"International Commission on Intervention and State Sovereignty (ICISS)";"2001";"IDRC // CRDI";"";"327/I61";"";"";"Política internacional; Proteccionismo; Organismos internacionales; Relaciones internacionales; Intervención extranjera";""
"La responsabilité de protéger; rapport";"";"Commission Internationale de l'Intervention et de la Souveraineté des Etats (CIISE)";"2001";"IDRC // CRDI";"";"327/C734";"";"";"Política internacional; Proteccionismo; Organismos internacionales; Relaciones internacionales; Intervención extranjera";""
"Une santé branchée sur la recherche; perspectives";"Neufeld, Victor (dir.); Johnson, Nancy (dir.");"Conseil de la Recherche en Santé pour le Développement";"2001";"IDRC // CRDI";"";"614:351.77/N482";"";"";"Salud pública; Política de salud; Política social; Desarrollo; Investigación científico técnica; Países subdesarrollados";""
"Patronage or partnership; local capacity building in humanitarian crises";"Smillie, Ian (ed.");"";"2001";"IDRC // CRDI // Kumarian Press";"";"327:364/S641";"";"";"Política internacional; Relaciones internacionales; Cooperación internacional; Acuerdos internacionales; Organismos internacionales; Países subdesarrollados; Ayuda al desarrollo";""
"La mondialisation au banc des accusés; la condition humaine et la civilisation de l'information";"Ragaee, Farhang";"";"2000";"IDRC // CRDI";"";"330.34/R161";"";"";"Globalización; Política internacional; Política económica; Información; Política de información; Sociedad de la información; Relaciones internacionales; Cambio tecnológico; Política; Economía; Cultura; Sociedad";""
"The wellbeing of Nations; a country-by-country index of quality of life and the environment";"Prescott-Allen, Robert";"";"2001";"Island Press // IDRC // CRDI";"";"304.2/P933";"";"";"Política social; Política ambiental; Medio ambiente; Condiciones de vida; Situación socioeconómica; Ecosistemas; Desarrollo sustentable; Recursos naturales; Sociedad";""
"Outcome mapping; building learning and reflection into development programs";"Earl, Sarah; Carden, Fred; Smutylo, Terry";"";"2001";"IDRC // CRDI";"";"330.34/E12";"";"";"Desarrollo económico; Proyectos de desarrollo; Evaluación de proyectos; Asistencia técnica; Planificación; Cooperación internacional";""
"Bibliotecas infantiles";"Litton, G.";"";"1973";"Centro Regional de Ayuda Técnica";"";"001/027/L761/15";"";"";"Bibliotecas especializadas; Bibliotecología";""
"La gestión forestal municipal en América Latina";"Ferroukhi, Lyčs (ed.");"Centro Internacional de Investigaciones para el Desarrollo (CIID) // Center for International Research (CIFOR)";"2003";"CIID // CIFOR";"";"634.0.8/F397";"";"";"Recursos forestales; Gestión ambiental; Política ambiental; Administración; Descentralización; Gobierno regional; Municipalidad; Comunidades rurales; Latinoamérica";""
"Mapeo de alcances; incorporando aprendizaje reflexión en programas de desarrollo";"Earl, Sarah; Carden, Fred; Smutylo, Terry";"Centro Internacional de Investigaciones para el Desarrollo (CIID)";"2002";"CIID // LUR";"";"65.012.2/E12";"";"";"Planificación; Evaluación de proyectos; Objetivos; Organización; Metodología; Proyectos de desarrollo; Gestión de proyectos";""
"Grandes minas y la comunidad; efectos socioeconómicos en Latinoamérica, Canadá y Espańa";"McMahon, Gary (ed.); Remy, Félix (ed.");"Centro Internacional de Investigaciones para el Desarrollo (CIID)";"2003";"CIID // Banco Mundial // Alfaomega";"";"622:33/M167";"";"";"Minería; Minas; Comunidad; Economía minera; Evaluación económica; Situación socioeconómica; Explotaciones mineras; Impactos sociales; Impactos ambientales; Latinoamérica; Espańa; Canadá; Bolivia; Chile; Industria minera; Uranio";""
"Evaluación organizacional; marco para mejorar el desempeńo";"Lusthaus, Charles; Adrien, Marie-Hélčne; Anderson, Gary; Carden, Fred; Montalván, George Plinio";"Centro Internacional de Investigaciones para el Desarrollo (CIID) // Banco Interamericano de Desarrollo (BID)";"2002";"CIID // BID";"";"658/L968e";"";"";"Organización; Evaluación; Planificación; Cambio organizacional; Organización de empresas; Dirección de empresas; Desarrollo sustentable; Liderazgo; Eficiencia; Recursos humanos; Motivación; Rendimiento; Incentivos; Encuestas";""
"La política de investigación científica y tecnológica argentina; historia y perspectivas";"Oteiza, Enrique (dir.");"";"1992";"Centro Editor de América Latina";"";"CEMEC/68/Máq y Htas/Edif.43";"";"";"Investigación científico técnica; Política científica; Política tecnológica; Institutos de investigación; Recursos humanos; Proyectos nacionales; Tecnología y ciencia; Argentina";""
"Semillas generosas; mejoramiento participativo de plantas";"Vernooy, Ronnie";"Centro Internacional de Investigaciones para el Desarrollo (CIID)";"2003";"CIID";"";"631.53/V539";"";"";"Fitomejoramiento; Agricultura; Desarrollo agrícola; Biodiversidad; Cultivos; Vegetales; Semillas; Comunidades rurales; Desarrollo regional; Cebada; Africa; Medio Oriente; Latinoamérica; Maíz; Arroz; Nepal; China; Proyectos de investigación; Cooperación técnica; Desarrollo sustentable";""
"Cultivar la paz; conflicto y  colaboración en el manejo de los recursos naturales";"Buckles, Daniel (ed.");"Centro Internacional de Investigaciones para el Desarrollo (CIID) // Centre de Recherches pour le Développement International (CRDI)";"2000";"CIID // CRDI";"";"574/B924E";"";"";"Recursos naturales; Gestión ambiental; Planificación ambiental; Recursos forestales; Silvicultura; Hidrografía; Bosques; Costas; Conservación; Tierra; Protección; Desarrollo sustentable; Medio ambiente; Ríos; Política ambiental";""
"Coletânea de artigos publicados por especialistas de informaçâo do SENAI";"";"Confederaçăo Nacional da Indústria. Serviço Nacional de Aprendizagem Industrial (CNI-SENAI)";"2002";"SENAI";"";"02(081.1)/S491";"";"";"Información científico técnica; Gestión; Planificación estratégica; Sistemas de información; Sistemas de calidad; Centros de información; Procesos industriales; Tecnología y ciencia; Competencia; Diseminación de la información; Bibliotecas; Internet";""
"żCatástrofe o nueva sociedad?: modelo mundial latinoamericano 30 ańos después";"Herrera, Amilcar O.; Scolnick, Hugo D.; Chichilnisky, Gabriela; Gallopin, Gilberto C.; Hardoy, Jorge E.; Mosovich, Diana; Oteiza, Enrique; Romero Brest, Gilda L.de; Suárez, Carlos E.; Talavera, Luis";"Centro Internacional de Investigaciones para el Desarrollo (CIID) // Instituto Internacional de Medio Ambiente y Desarrollo (IIED-América Latina)";"2004";"CIID // IIED";"";"316.42/H565";"";"";"Sociedad; Política social; Modelos; Situación socioeconómica; Globalización; Pobreza; Consumo; Desarrollo sustentable; Medio ambiente; Recursos naturales; Recursos mineros; Energía; Contaminación ambiental; Control de la contaminación; Modelos matemáticos; Sistemas económicos; Necesidades básicas; Producción; Fuerza del trabajo; Desarrollo tecnológico; Progreso científico; Relaciones internacionales; Optimización; Demografía; Población; Salud; Alimentación; Agricultura; Producción animal; Recursos pesqueros; Nutrición; Vivienda; Urbanización; Educación; Crecimiento económico; Política de crecimiento; Distribución del ingreso";""
"Directrices para las transacciones de referencia en la  Biblioteca del Instituto Nacional de Tecnología Industrial";"Falcato, Pedro; López, Alicia Isabel; Araujo, Juan Facundo";"Centro de Investigación y Desarrollo de Métodos y Técnicas para Empresas Industriales (INTI-Extensión y Desarrollo-div.Biblioteca)";"2004";"INTI";"";"4411";"";"";"Servicio de referencia; Sistemas de calidad; Bibliotecas especializadas; Procedimientos; Calidad; Usuarios; Manejo de la información; INTI";""
"Textile industry information sources; an annotated guide to the literature of textile fibers, dyes and dyeing, design and decoration, weaving, machinery, and other subjects";"Kopycynski, Joseph V.";"";"1964";"Gale Research Company // Book Tower";"";"677:016/K83";"";"";"Industria textil; Fuentes de información; Enciclopedias; Diccionarios; Resúmenes; Indización; Indices de publicaciones; Publicaciones; Bibliografías; Directorios; Datos estadísticos; Manuales; Normas; Especificaciones; Clasificación; Bibliotecas especializadas";""
"Catálogo colectivo de publicaciones periódicas; existentes en bibliotecas científicas y técnicas argentinas";"Gietz, Ernesto G.";"Consejo Nacional de Investigaciones Científicas y Técnicas (CAICYT)";"1962";"CAICYT";"";"019.6:05/C755/2.ed./R";"";"";"Catálogos; Publicaciones periódicas; Argentina; Bibliotecas; Bibliotecas especializadas; Información científico técnica";""
"IES lighting handbook; application volume";"Kaufman, John E. (ed.); Haynes, Howard (ed.");"Illuminating Engineering Society of North America (IES)";"1981";"IES";"";"FISICA/620/Div.Luminotecnia";"";"";"Iluminación; Diseńo; Iluminación artificial; Iluminación natural; Energía; Energía eléctrica; Instalaciones eléctricas; Oficinas; Escuelas; Edificios públicos; Bibliotecas; Iluminación interior; Iluminación exterior; Luz natural; Edificios industriales; Plantas industriales; Vivienda; Luminarias; Fuentes de luz; Televisión; Fotografía; Areas deportivas; Recreación; Iluminación vial; Aeropuertos; Transportes; Lámparas eléctricas; Publicidad; Seńales luminosas; Percepción sensorial; Visión; Luz; Lámparas incandescentes; Performance; Mediciones ópticas; Fotometría; Color; Métodos de cálculo";""
"Manual de biblioteconomía";"Orera Orera, Luisa (ed.");"";"2002";"Editorial Síntesis";"";"02/O66/H";"";"";"Bibliotecología; Terminología; Historia; Documentación; Ciencias de la información; Enseńanza; Escuelas; Espańa; Bibliotecas; Archivos; Centros de información; Personal; Bibliotecarios; Publicaciones; Mantenimiento; Procedimientos administrativos; Procesamiento técnico de documentos; Catalogación; Clasificación de documentos; Ubicación; Inventarios; Catálogos; OPACs; Estrategias de búsqueda; Recuperación de información; Conservación de libros; Edificios; Equipamiento; Usuarios; Gestión; Planificación; Administración; Presupuesto; Servicios de información; Servicio de referencia; Bibliotecas nacionales; Bibliotecas universitarias; Bibliotecas especializadas; Bibliotecas públicas; Bibliotecas escolares; Redes de información; Cooperación internacional";""
"Arte de proyectar en arquitectura: fundamentos, normas y prescripciones sobre construcción, dimensiones de edificios, locales y utensilios, instalaciones, distribución de programas de necesidades";"Neufert, Ernst; Neufert, Peter (ed.");"";"1995";"Gustavo Gili";"";"Construcciones/35 // Manuales/C1/1208";"";"";"Arquitectura; Proyectos arquitectónicos; Normas; Instalaciones; Dimensiones; Elementos constructivos; Cimentación; Armadura; Techos; Estructuras; Calefacción; Ventilación; Refrigeración; Climatización; Edificios; Protección; Aislación térmica; Aislación sonora; Iluminación artificial; Vidrios; Iluminación natural; Puertas; Ventanas; Escaleras; Ascensores; Ingeniería vial; Jardines; Vivienda; Cocinas; Equipamiento de cocina; Comedores; Dormitorios; Bańos; Muebles; Piscinas; Lavaderos; Balcones; Caminos; Escuelas; Universidades; Bibliotecas; Oficinas; Bancos; Edificios comerciales; Almacenamiento; Talleres; Edificios industriales; Granjas; Establecimientos ganaderos; Ferrocarriles; Garajes; Estacionamiento; Estaciones de servicio; Aeropuertos; Restaurantes; Hoteles; Zoológicos; Teatros; Cines; Areas deportivas; Hospitales; Residencias de ancianos; Iglesia; Museos; Cementerios; Incendios; Protección; Unidades de medición; Peso; Prevención de incendios";""
"Los servicios de referencia virtual; surgimiento, desarrollo y perspectivas a futuro";"Rodríguez Briz, Fernanda";"";"2005";"Alfagrama Ediciones";"";"027.081/R696";"";"";"Referencia virtual; Servicio de referencia; Tecnologías de información y comunicación; Redes de información; Bibliotecología; Búsqueda en línea; Recuperación de información; Usuarios; Bibliotecarios; Correo electrónico; Telefonía; Páginas web; Bases de datos; Bibliotecas";""
"Arquitectura escolar";"Frias, Jorge";"";"1967";"Jorge Frias";"";"CONSTRUCCIONES/484-485 // ARQUITECTURA EDUCACIONAL/C1/7524/T1 // ARQUITECTURA EDUCACIONAL/C2/7556/T2";"";"";"Arquitectura; Escuelas; Construcciones; Historia; Argentina; Areas urbanas; Areas rurales; Ciudades; Situación socioeconómica; Planificación zonal; Diseńo; Edificios; Estudiantes; Universidades; Ubicación; Terrenos; Paisajismo; Aulas; Talleres; Laboratorios; Bibliotecas; Recreación; Gimnasios";""
"Interpretación de la norma ISO 9000:2000 para obtener el certificado de calidad en bibliotecas";"Moreno Jiménez, Daniel";"";"2005";"Universidad del Valle de México // Colegio Nacional de Bilbiotecarios // Library Outsourcing Service";"";"658.56:02/M843";"";"";"Calidad; Bibliotecas; Certificación de calidad; Normas; Aseguramiento de la calidad; Sistemas de calidad; Gestión de la calidad; Documentación; Auditoría; Evaluación; Mediciones";""
"Cuando opinar se convierte en un ejercicio académico;17 editoriales de información, cultura y sociedad";"";"Instituto de Investigaciones Bibliotecológicas (INIBI)";"2007";"INIBI";"";"021/I59";"";"";"Bibliotecología; Investigación; Ciencias de la información; Bibliotecas; Bibliotecas públicas; Usuarios; Evaluación";""
"La política de investigación científica y tecnológica argentina; historia y perspectivas";"Oteiza, Enrique (dir.");"";"1992";"Centro Editor de América Latina";"";"CITIP/104";"";"";"Investigación científico técnica; Política científica; Política tecnológica; Institutos de investigación; Recursos humanos; Proyectos nacionales; Tecnología y ciencia; Argentina";""
"Digital Libraries: Achievements, Challenges and Opportunities";"";"";"2006";"SPRINGER";"";"";"";"";"Computer Science; Bibliotecas digitales";""
"Digital Libraries: Implementing Strategies and Sharing Experiences";"Fox, Edward A.; Neuhold, Erich; Premsmit, Pimrumpai; Wuwongse, Vilas";"";"2005";"SPRINGER";"";"";"";"";"Computer Science; Bibliotecas digitales";""
"Peer-to-Peer, Grid, and Service-Orientation in Digital Library Architectures";"Agosti, Maristella; Schek, Hans-Jörg; Türker, Can";"";"2005";"SPRINGER";"";"";"";"";"Computer Science; Bibliotecas digitales";""
"Research and Advanced Technology for Digital Libraries (vol. # 3652)";"Christodoulakis, Stavros; Rauber, Andreas; Tjoa, A Min";"";"2005";"SPRINGER";"";"";"";"";"Computer Science; Bibliotecas digitales";""
"Research and Advanced Technology for Digital Libraries (vol. # 4172)";"Gonzalo, Julio; Thanos, Constantino; Verdejo, M. Felisa; Carrasco, Rafael C.";"";"2006";"SPRINGER";"";"";"";"";"Computer Science; Bibliotecas digitales";""
"Usuarios de la información: formación y desafíos";"Monfasani, Rosa Emma; Curzel, Marcela Fabiana";"";"2006p.";"Alfagrama ediciones";"";"002/M695";"";"";"Usuarios; Información; Capacitación; Sociedad; Argentina; Estrategias; Bibliotecas; Bibliotecarios";""
"Evaluación de bibliotecas: un modelo desde la óptica de los sistemas de gestión de calidad";"Arriola Navarrete, Óscar";"";"2006";"Alfagrama // Colegio Nacional de Bibliotecarios";"";"Córdoba/658.56:02/Ar696";"";"";"Bibliotecas; Gestión de la calidad; Calidad; Evaluación; Indicadores; Aseguramiento de la calidad; Control de gestión; Control de calidad; Centros de información";""
"Los Talas";"Dolmann, Inés; Luna, Fabio; Velázquez, Silvia Beatriz; Jeifetz, Ricardo Alberto; Aloonso, Germán René; Salmici, José; Quiroz, Zenón; Ferragaut, Claudia; Arroyo, Oscar; Hasapov, Basilio; Corso, María Eugenia; Moruga, Víctor; Nińo Gomez, Alicia; Berardo, Liliana; Pinto, Mónica";" (INTI-Construcciones) //  (INTI-Procesos Superficiales)";"2005";"INTI";"";"4616";"";"";"Construcciones; Mantenimiento; Casas; Reparación; Albańilería; Revestimientos; Procesos superficiales; Techos; Fachadas; Arquitectura; Decoración; Diseńo de interiores; Estilos arquitectónicos; Ladrillos; Revoques; Estructuras; Seguridad en la construcción; Condiciones higrotérmicas; Prevención de incendios; Bibliotecas; Pinturas; Asistencia técnica; Ensayos de laboratorio; Muestreo";""
"The institutional repository";"Jones, Richard; Andrew, Theo; MacColl, John";"";"2006";"Chandos publishing";"";"002.66/J78";"";"";"Repositorios institucionales; Bibliotecas digitales; Metadatos; Preservación digital; Administración; Análisis de costos; Propiedad intelectual; Investigación; Software";""
"Wikis: tools for information work and collaboration";"Klobas, Jane";"";"2006";"Chandos publishing";"";"007:02/K66";"";"";"Tecnologías de información y comunicación; Internet; Redes de información; Páginas Web; Software; Fuentes de información; Evaluación; Bibliotecas; Ciencias de la información; Bibliotecarios; Negocios; Educación; Trabajo";""
"La gestión del proyecto en arquitectura";"MILLS, E.";"";"1996";"GUSTAVO GILI";"";"Estante: MANUALES; Caja: 1";"";"";"AEROPUERTOS; OBRAS COMERCIALES; BIBLIOTECAS; EDIFICIOS P/OFICINAS; VIVIENDAS; OBRAS EDUCACIONALES Y CIENTIFICAS; CINES; HOSPITALES; OBRAS RELIGIOSAS; FABRICAS; BANCOS; EDIFICIOS INSTITUCIONALES; GESTION DE PROYECTOS";""
"Evaluación de bibliotecas universitarias; una propuesta desde las perspectivas objetiva y subjetiva";"Fushimi, Marcela (coord.); González, Claudia; Miguel, Sandra; Pené, Mónica; Pichinini, Mariana; Rozemblum, Cecilia";"";"2011";"Alfagrama ediciones";"";"027.7/F993";"";"";"Bibliotecas universitarias; Evaluación; Bibliometría; Bilbiotecología; Técnicas de evaluación; Proyectos; Metodología";""
"Basic preservation for library and archive collections";"Walker, Alison";"The Preservation Advisory Centre. British Library (PAC)";"2010";"PAC";"";"025.85/P928b";"";"";"Conservación; Patrimonio; Bienes culturales; Bibliotecas; Archivos; Desgaste; Medidas de Seguridad; Mantenimiento";""
"Understanding and caring for bookbindings";"Pearson, David (dir.); Mumford, John; Walker, Alison";"The Preservation Advisory Centre. British Library (PAC)";"2010";"PAC";"";"025.85/P928bo";"";"";"Conservación; Conservación de libros; Encuadernación; Protección; Rotura; Mantenimiento; Bibliotecas; Archivos";""
"Cleaning books and documents";"Bendix, Caroline; Walker, Alison";"The Preservation Advisory Centre. British Library (PAC)";"2011";"PAC";"";"025.85/P928c";"";"";"Conservación; Conservación de libros; Limpieza; Equipos; Personal; Mantenimiento; Bibliotecas; Archivos";""
"Damaged books";"Bendix, Caroline";"The Preservation Advisory Centre. British Library (PAC)";"2010";"PAC";"";"025.85/P928d";"";"";"Conservación; Conservación de libros; Libros; Rotura; Desgaste; Protección; Bibliotecas; Archivos";""
"Preservation of photographic material";"Clark, Susie";"The Preservation Advisory Centre. British Library (PAC)";"2009";"PAC";"";"025.85/P928p";"";"";"Conservación; Fotografía; Desgaste; Mantenimiento; Protección; Almacenamiento; Temperatura; Bibliotecas; Archivos";""
"Using library and archive collections";"";"The Preservation Advisory Centre. British Library (PAC)";"2011";"PAC";"";"025.85/P928u";"";"";"Conservación; Bibliotecas; Archivos; Protección; Medidas de seguridad; Patrimonio";""
"Managing the digitisation of library, archive and museum materials";"Youngs, Karla";"National Preservation Office. British Library (NPO)";"s.f.";"NPO";"";"025.85/N277m";"";"";"Conservación; Bibliotecas; Archivos; Museos; Preservación digital; Digitalización; Patrimonio; Proyectos; Planificación";""
"Photocopying of library and archive materials";"";"National Preservation Office. British Library (NPO)";"2000";"NPO";"";"025.85/N277p";"";"";"Conservación; Bibliotecas; Archivos; Conservación de libros; Reprografía; Riesgos; Propiedad intelectual";""
"Preparing funding applications for preservation and conservation projects";"Bell, Nancy";"National Preservation Office. British Library (NPO)";"1999";"NPO";"";"025.85/N277pr";"";"";"Conservación; Bibliotecas; Archivos; Patrimonio; Bienes culturales; Proyectos; Evaluación de proyectos; Planificación";""
"Aprender del cambio; temas y experiencias en seguimiento y evaluación participativos";"Estrella, Marisol (ed.");"Centro Internacional de Investigaciones para el Desarrollo (CIID)";"2003";"Plaza y Valdés // CIID // CRDI";"";"331.82/E82";"";"";"Desarrollo regional; Política social; Desarrollo social; Planificación; Evaluación; Proyectos de desarrollo; Desarrollo rural; Comunidades rurales; Población indígena; Indicadores económicos";""
"La gestión del proyecto en arquitectura; aeropuertos, almacenes, bancos, bibliotecas, edificios de oficinas y viviendas, escuelas, cines, hospitales, iglesias, hoteles, fábricas, teatros";"Mills, Edward D. (ed.");"";"1992";"Gustavo Gili";"";"Construcciones/36 // Manuales/C1/1201";"";"";"Arquitectura; Proyectos arquitectónicos; Gestión de proyectos; Dimensiones; Espacio; Rutas; Paisajismo; Jardinería; Servicios públicos; Abastecimiento; Dibujo técnico; Aeropuertos; Criaderos; Iglesia; Cines; Edificios; Computadoras; Vivienda; Areas deportivas; Recreación; Teatros; Edificios comerciales; Comercio minorista; Supermercados; Fábricas; Granjas; Bomberos; Garajes; Estacionamiento; Estaciones de servicio; Terminales de autobuses; Centros de salud; Residencias de ancianos; Hospitales; Hoteles; Departamentos; Tribunales; Bibliotecas; Puertos; Edificios públicos; Municipalidad; Oficinas; Bancos; Escuelas; Bares; Laboratorios; Piscinas; Clubes; Grabación; Almacenes";""
"Arte de proyectar en arquitectura: fundamentos, normas y prescripciones sobre construcción, instalaciones, distribución y programas de necesidades, dimensiones de edificios, locales y utensilios";"Neufert, Ernst";"";"1951";"Gustavo Gili";"";"Construcciones/38 // Manuales/C4/1253";"";"";"Arquitectura; Proyectos arquitectónicos; Normas; Instalaciones; Proporción; Dimensiones; Elementos constructivos; Iluminación; Orientación de edificios; Sol; Calor; Ventanas; Puertas; Escaleras; Ascensores; Espacio; Muebles; Calles; Caminos; Jardines; Vivienda; Distribución; Garajes; Vestíbulos; Pasillos; Sótanos; Locales; Lavaderos; Cocinas; Comedores; Armarios; Dormitorios; Bańos; Edificios; Casas de fin de semana; Corrales; Casas; Alquiler; Escuelas; Universidades; Bibliotecas; Estudiantes; Oficinas; Bancos; Rascacielos; Tiendas; Talleres; Fábricas; Granjas; Ferrocarriles; Automóviles; Estacionamiento; Estaciones de servicio; Aeropuertos; Restaurantes; Hoteles; Teatros; Cines; Estadios; Areas deportivas; Gimnasios; Clubes; Piscinas; Hospitales; Residencias de ancianos; Iglesia; Cementerios; Tablas de conversión; Cargas";""
"Alocución al pueblo de Fuente Vaqueros en la fundación de la Biblioteca. (Septiembre de 1931)";"García Lorca, Federico";"";"s.f.";"Ediciones Artesanales";"";"";"";"";"Historia; Literatura; Cultura; Bibliotecas públicas; Libros";""
"Alemanes; en la arquitectura rioplatense";"Gutiérrez, Ramón; Vińuales, Graciela María; Tartarini, Jorge D.; Schere, Rolando H.; Bühler, Dirk; López-Mesas Ortiz, Julia; De Gregorio, Roberto; Schmidt, Graciela; Mesanich, Viviana; Marcó Muńoa, Ricardo; Müller, Luis; Cacciatore, Julio; Alemán, Laura; Inda, Nelson; Apud Apud, Ana María; Barcina, Florencia; Ludewig, Andrés; Schmidt, Pablo F.; Lolich, Liliana; Pisarik, Sonja; Hofer, Andreas; Tomasi, Jorge D.; Fasulo, Graciela; París Benito, Felicidad; Méndez, Patricia; Méndez, María Elena; Radovanovic, Elisa";"Centro de Documentacion de Arte y Arquitectura Latinoamericana (CEDODAL)";"2005";"CEDODAL";"";"Estante: ARQUITECTURA HISTORICA";"";"";"ARQUITECTURA; HISTORIA; URUGUAY; ARGENTINA; PROFESIONALES; INGENIEROS; DICCIONARIOS; EDIFICIOS; OBRAS PUBLICAS; BIBLIOTECAS; EDIFICIOS PUBLICOS; CONSTRUCCIONES; EMPRESAS";""
"Lugares entre no lugares";"Falcato, Pedro";"";"2007";"INIBI";"";"4563";"";"";"Información; Política de información; Bibliotecas; Manejo de la información";""
"Sistema para la gestión de consultas de referencia recibidas por correo electrónico";"Falcato, Pedro";" (INTI-Extensión y Desarrollo- Biblioteca)";"2007";"INTI";"Instituto Nacional de Tecnología Industrial (INTI), Buenos Aires, AR. Jornadas de desarrollo e innovación tecnológica, 6 / Tecnologías blandas, desarrollo e innovación. AR. 2007";"PEI/2";"";"";"Referencia virtual; Servicio de referencia; Correo electrónico; Gestión; Bibliotecas especializadas; INTI; Software";""
"Tesauro de tecnología industrial y ciencias aplicadas";"Bersano, Mónica I.; Carosio, Alicia A.";" (INTI-Extensión y Desarrollo- Biblioteca)";"2007";"INTI";"Instituto Nacional de Tecnología Industrial (INTI), Buenos Aires, AR. Jornadas de desarrollo e innovación tecnológica, 6 / Tecnologías blandas, nuevos servicios. AR. 2007";"PEI/2";"";"";"Tesauros; Tecnología y ciencia; Términos de búsqueda; Términos de indización; Indización; Lenguajes de indización; Terminología; Internet; Bibliotecas especializadas; INTI; Reseńas";""
"Directrices para las transacciones de referencia en la Biblioteca del Instituto Nacional de Tecnología Industrial";"Falcato, P.; López, A. I.; Araujo, J. F.";" (INTI-Extensión y Desarrollo-Biblioteca)";"2004";"INTI";"Instituto Nacional de Tecnología Industrial (INTI), Buenos Aires, AR. Jornadas de desarrollo e innovación tecnológica, 5 / Otras actividades tecnológicas, procesos, aplicación interna. AR. 2004";"";"";"";"Bibliotecas especializadas; INTI; Servicio de referencia; Planificación; Fuentes de información; Sistemas de calidad";""
"El impacto de las nuevas tecnologías y su incidencia en la enseńanza tradicional de las materias técnicas de proceso documental";"Silva, Carmen; Castro, Paula";" (INTI-Extensión y Desarrollo-Biblioteca)";"2009";"INTI-Extensión y Desarrollo-Biblioteca";"Biblioteca Nacional, Buenos Aires, AR. Encuentro Nacional de Catalogadores, 2. La cooperación y las normas para la organización y tratamiento de la información en las bibliotecas argentinas. AR. 2009";"";"";"";"Bibliotecología; Catalogación; Procesamiento técnico de documentos; Educación; Bibliotecarios; Capacitación; Enseńanza; Aprendizaje; Normalización; Tecnologías de información y comunicación; Documentación; Docentes; Estudiantes; Empleo";""
"Biblioteca Ing. Jorge Domínguez; INTI Centro Regional Córdoba";"Salvai,  Eugenia";" (INTI-Córdoba)";"2011";"INTI-Córdoba";"Acuerdo de Bibliotecas Universitarias de Córdoba (ABUC), Córdoba, AR. Quién es quién 2011. AR. 2011";"";"";"";"Bibliotecas; INTI; Laboratorios de ensayos; Metrología; Calibración; Gestión; Córdoba, Argentina; Procesamiento técnico de documentos; Libros; Documentos técnicos; Datos estadísticos; Publicaciones periódicas; Servicios; Préstamos";""
"Bibliotecas y nuevas lecturas en el espacio virtual. Ponencias";"";"";"2007";"ABGRA";"Asociación de Bibliotecarios Graduados de la República Argentina (ABGRA), Buenos Aires, AR. Congreso Iberoamericano de Bibliotecología, 2. AR. 2007";"PE/57";"";"";"Bibliotecología; Iberoamérica; Tecnologías de información y comunicación; Desarrollo tecnológico";""
"Interpretación de la norma ISO 9000:2000 para obtener el certificado de calidad en bibliotecas ";"Moreno Jiménez, Daniel";"";"2005";"Universidad del Valle de México // Colegio Nacional de Bilbiotecarios // Library Outsourcing Service";"";"658.56:02/M843";"";"";"Normas; Aseguramiento de la calidad; Control de calidad; Bibliotecas; Gestión de la calidad; Evaluación; Mediciones";""
"Wikis: tools for information work and collaboration";"Klobas, Jane";"";"2006";"Chandos publishing";"";"007:02/K66";"";"";"Tecnologías de información y comunicación; Redes de información; Fuentes de información; Internet; Bibliotecas; Ciencias de la información; Negocios; Educación";""
"Biblioteca digital; conceptos, recursos y estándares";"Martínez Equihua, Saúl";"";"2007";"Alfagrama";"";"Villa Regina/28";"";"";"Bibliotecas digitales; Tecnologiás de información y comunicación; Servicios de información; Bibliotecología; Información; Internet; Publicaciones electrónicas; Metadatos; Procesamiento técnico de documentos; Documentación; Tratamiento de la información; Manejo de la información; Bases de datos";""
"Repositorios digitales en ciencia y tecnología";"";"";"2010";"MINCyT";"Ministerio de Ciencia, Tecnología e Innovación Productiva (MINCyT), Buenos Aires, AR. Conferencia. AR. 2010";"PE/104";"";"";"Repositorios institucionales; Bibliotecas digitales; Tecnología y ciencia; Reuniones";""
"Human information retrieval";"Warner, Julian";"Massachusetts Institute of Technology (MIT)";"2010";"MIT";"";"002:02/W282";"";"";"Información; Recuperación de información; Manejo de la información; Diseminación de la información; Búsqueda en línea; Internet; Buscadores en Internet; Estrategias de búsqueda; Términos de búsqueda; Bibliotecas; Centros de información; Ciencias de la información";""
"Gestión y planificación en bibliotecas";"Solimine, Giovanni; Di Domenico, Giovanni; Rérez Pulido, Margarita";"";"2010";"Alfagrama ediciones";"";"023/S686";"";"";"Bibliotecas; Bibliotecología; Gestión; Planificación; Administración; Gestión de la calidad; Gestión de proyectos; Sistemas de información; Manejo de la información; Usuarios; Servicios; Servicio de referencia; Organización; Imagen corporativa";""
"Introduction to PL/I programming for library and information science";"Montt, Thomas H.; Artandi, Susan; Struminger, Leny";"";"1972";"Academic press";"";"681.3/M921";"";"";"Computadoras; Bibliotecas; Programación; Bancos de datos; Registro de datos; Bases de datos; Manejo de la información; Procesamiento técnico de documentos; Almacenamiento de datos; Lenguajes de indización; Algebra de boole; Aplicaciones; Aritmetica binaria";""
"IES lighting handbook; application volume";"Kaufman, John E. (ed.); Haynes, Howard (ed.");"Illuminating Engineering Society of North America (IES)";"1981";"IES";"";"FISICA/620/Div.Luminotecnia";"";"";"Iluminación; Diseńo; Iluminación artificial; Iluminación natural; Energía; Energía eléctrica; Instalaciones eléctricas; Oficinas; Escuelas; Edificios públicos; Bibliotecas; Iluminación interior; Iluminación exterior; Luz natural; Edificios industriales; Plantas industriales; Vivienda; Luminarias; Fuentes de luz; Televisión; Fotografía; Areas deportivas; Recreación; Iluminación vial; Aeropuertos; Transportes; Lámparas eléctricas; Publicidad; Seńales luminosas; Persepción sensorial; Visión; Luz; Lámparas incandescentes; Performance; Mediciones ópticas; Fotometría; Color; Métodos de cálculo";""
"Seminario dilemas de la bibilioteca actual; la creatividad frente a la crisis";"";"Instituto Nacional de la Administración Pública. Dirección de Documentación e información (INAP)";"2005";"INAP";"";"002.63/I59";"";"";"Bibliotecas; Sistemas digitales; Centros de información; Internet; Ministerios; Publicaciones periódicas; Argentina; Microfilmación; Bases de datos";""
"El impacto de internet en las redes de telecomunicaciones";"";"Asociación Hispanoamericana de Centros de Investigación y Empresas de Telecomunicación (AHCIET) // Fundación para el Desarrollo de la Función Social de las Comunicaciones (FUNDESCO)";"1997";"AHCIET";"";"Electrónica/Comunicaciones/100-T";"";"";"Internet; Redes de computación; Telecomunicaciones; Información; Redes de comunicación; Brasil; México; Chile; Argentina; Análisis; Universidades; Centros de investigación; Bibliotecas; Administración pública; Equipos; Software; Publicidad; Sistemas digitales; Satélites artificiales; Video; Telefonía; Normas; Normalización; Propiedad intelectual";""
"Entre el perdón y el paredón: preguntas y dilemas de la justicia transicional";"Rettberg, Angelika (comp.");"Centro Internacional de Investigaciones para el Desarrollo (CIID) // Universidad de los Andes. Programa de Investigación sobre Construcción de Paz. Departamento de Ciencias Políticas (CESO)";"2005";"CIID // CESO";"";"340.114(861)/T439";"";"";"Justicia social; Derechos humanos; Política social; Colombia";""
"La política de investigación científica y tecnológica Argentina; historia y perspectivas";"Oteiza, Enrique (dir.");"";"1992";"Centro Editor de América Latina";"";"Electrónica/Comunicaciones/242";"";"";"Investigación científico técnica; Política científica; Política tecnológica; Institutos de investigación; Recursos humanos; Proyectos nacionales; Telecomunicaciones; Tecnología y ciencia; Gestión; Argentina";""
"Informe de viaje al II evento internacional "Las bibliotecas en el siglo XXI"";"Ventura, María Laura";"Instituto Nacional de Tecnología Industrial (INTI)";"2007";"INTI";"";"4543";"";"";"Bibliotecas; Manejo de la información; Globalización; Bibliotecarios; Cuba; Viajes";""
"Espacio libre de barreras; diseńo universal";"Figini, Lidia A.";"";"2007";"Nobuko";"";"Dirección de Obras/01";"";"";"Diseńo de exteriores; Construcciones; Edificios; Rutas; Muros; Sillas de ruedas; Discapacitados; Escaleras; Ascensores; Rampas; Almacenamiento; Restaurantes; Servicios de salud; Bibliotecas";""
"Seńalética; conceptos y fundamentos; una aplicación en bibliotecas";"Sánchez Avillaneda, María del Rocío";"";"2006";"Alfagrama";"";"654.91/S211";"";"";"Seńalética; Seńales; Bibliotecas; Comunicaciones; Campo visual; Semántica; Simbología; Bibliotecología; Diseńo gráfico";""
"Indicadores para la gestión de conservación en museos, archivos y bibliotecas";"Zamorano, Héctor L.";"";"2008";"Alfagrama";"";"002/007/Z25";"";"";"Museos; Archivos; Bibliotecas; Conservación; Gestión; Calidad; Gestión de la calidad; Estrategias; Organización; Indicadores; Sistemas; Análisis de sistemas";""
"Usuarios de la información: formación y desafíos";"Monfasani, Rosa Emma; Curzel, Marcela Fabiana";"";"2006p.";"Alfagrama ediciones";"";"002/M695";"";"";"Usuarios; Información; Capacitación; Sociedad; Argentina; Estrategias; Bibliotecas; Bibliotecarios";""
"Servicio de documentación, información y biblioteca";"";"Instituto Nacional de Tecnología Industrial. Extensión y Desarrollo (INTI-Extensión y Desarrollo)";"2004";"INTI";"";"PE/90";"";"";"Servicios de información; Bibliotecas; INTI; Centros de información; Tratamiento de la información; Memorias; Reseńas";""
"Bibliotecarios, usuarios y gestión del conocimiento";"Monfasani, Rosa Emma";"";"2013";"Alfagrama";"";"021/M742";"";"";"Bibliotecarios; Usuarios; Información; Bibliotecas; Sociedad de la información; Gestión del conocimiento; Sistemas de información; Manejo de la información; Investigación; Documentación; Metodología; Lectura; Recuperación de la información; Fuentes de información; Técnicas digitales; Bases de datos; Catálogos; Bibliotecas digitales; Repositorios institucionales; Información científico técnica; Publicaciones periódicas; Publicaciones electrónicas; Lenguajes de indización; Páginas web; Web semántica; Internet; Legislación; Propiedad intelectual; Tecnologías de la información y comunicación";""
"Estándares del Sistema de Bibliotecas de la Universidad de Buenos Aires ";"";"Comisión Técnica de Estandáres del Sistema de Bibliorecas de la UBA. Universidad de Buenos Aires (UBA)";"2013";"UBA";"";"023/U58";"";"";"Bibliotecas; Bibliotecología; Gestión; Planificación; Procesamiento técnico de documentos; Gestión de proyectos; Sistemas de información; Manejo de la información; Edificios; Conservación de libros; Finanzas; Administración; Usuarios; Servicios; Servicio de referencia; Organización; Gestión de la calidad";""
"Competencias bibliotecarias y entorno laboral";"Monfasani, Rosa Emma";"";"2014";"Alfagrama";"";"023/M742";"";"";"Bibliotecarios; Usuarios; Información; Bibliotecas; Sociedad de la información; Gestión del conocimiento; Relaciones laborales; Trabajo; Trabajadores";""
"Introducción a la bibliotecología";"Monfasani, Rosa Emma";"";"2016";"Alfagrama";"";"021/M742i";"";"";"Bibliotecología; Bibliotecarios; Administración; Gestión; Gestión del conocimiento; Bases de datos; Catálogos; Procesamiento técnico de documentos; Catalogación; Descripción de documentos; Catálogos; Servicios de información; Servicios de referencia; Diseminación de la información; Opacs; Usuarios; Información; Bibliotecas; Sociedad de la información; Recuperación de la información; Administación del personal";""
"Resiliencia de servicios bibliotecarios en el área tecnológica";"Falcato, Pedro";"Instituto Nacional de Tecnología Industrial (INTI)";"2019";"s.n.";"Asociación de Bibliotecarios Graduados de la República Argentina (ABGRA), AR. ^nJornada de Bibliotecas de Ciencia y Tecnología^sJoBiCyT^n9. AR. 2019";"";"";"";"Servicio de referencia; Servicios de información; Bibliotecas especializadas; Bibliotecarios; Bibliotecología; Tecnología y ciencia; Investigación científico técnica";""
"Digitalización de la xiloteca del INTI";"Cunha Ferré, A. N.; Rodríguez, N.";"";"2022";"INTI";"Instituto Nacional de Tecnología Industrial (INTI), Argentina. TecnoINTI edición 2022. Jornadas de Desarrollo Tecnológico e Innovación, 14. AR. 2022";"";"";"";"Bibliotecas digitales; Bases de datos; Maderas; Manejo de la información; Especies forestales";""
"Inspección edilicia sobre fachadas de la Biblioteca Nacional  Mariano Moreno con el uso de Sistema de Vehículo Aéreo no  Tripulado";"Albornoz, D.; Heidenreich, W.; Marino, D.; Alonso, G.";"";"2022";"INTI";"Instituto Nacional de Tecnología Industrial (INTI), Argentina. TecnoINTI edición 2022. Jornadas de Desarrollo Tecnológico e Innovación, 14. AR. 2022";"";"";"";"Inspección; Fachadas; Patrimonio; Edificios históricos; Bibliotecas nacionales; Drones";""
"Manual para la preservación del papel: nueva era de la conservación preventiva y su aplicación actualizada";"Goren, Silvia";"";"2010";"Alfagrama";"";"025.85/G666";"";"";"Conservación; Conservación de libros; Papel; Bibliotecas";""
"Biodeterioro del patrimonio histórico documental : alternativas para su erradicación y control = Biodeterioraçăo do patrimônio histórico documental : alternativas para erradicaçăo e controle";"Vaillant Callol, Milagros";"";"2013";"MAST / FCRB";"";"025.85/V131";"";"";"Conservación; Envejecimiento de materiales; Archivos; Patrimonio; Bibliotecas; Biología; Microbiología; Hongos; Lignina";""
"Comparación del estado de conservación de los centros de documentación del CIT (INTI) y del INTEMIN (SEGEMAR) dependientes de la administración pública nacional";"Silva, C. L.";"";"2005";"UMSA // INTI";"";"4947";"";"";"Conservación; Conservación de libros; Bibliotecas; Centros de información; Patrimonio";""